Country Code,Region,IncomeGroup,TableName
ABW,Latin America & Caribbean,High income,Aruba
AFG,South Asia,Low income,Afghanistan
AGO,Sub-Saharan Africa,Lower middle income,Angola
ALB,Europe & Central Asia,Upper middle income,Albania
AND,Europe & Central Asia,High income,Andorra
ARE,Middle East & North Africa,High income,United Arab Emirates
ARG,Latin America & Caribbean,High income,Argentina
ARM,Europe & Central Asia,Upper middle income,Armenia
ASM,East Asia & Pacific,Upper middle income,American Samoa
ATG,Latin America & Caribbean,High income,Antigua and Barbuda
AUS,East Asia & Pacific,High income,Australia
AUT,Europe & Central Asia,High income,Austria
AZE,Europe & Central Asia,Upper middle income,Azerbaijan
BDI,Sub-Saharan Africa,Low income,Burundi
BEL,Europe & Central Asia,High income,Belgium
BEN,Sub-Saharan Africa,Low income,Benin
BFA,Sub-Saharan Africa,Low income,Burkina Faso
BGD,South Asia,Lower middle income,Bangladesh
BGR,Europe & Central Asia,Upper middle income,Bulgaria
BHR,Middle East & North Africa,High income,Bahrain
BHS,Latin America & Caribbean,High income,Bahamas
BIH,Europe & Central Asia,Upper middle income,Bosnia and Herzegovina
BLR,Europe & Central Asia,Upper middle income,Belarus
BLZ,Latin America & Caribbean,Upper middle income,Belize
BMU,North America,High income,Bermuda
BOL,Latin America & Caribbean,Lower middle income,Bolivia
BRA,Latin America & Caribbean,Upper middle income,Brazil
BRB,Latin America & Caribbean,High income,Barbados
BRN,East Asia & Pacific,High income,Brunei
BTN,South Asia,Lower middle income,Bhutan
BWA,Sub-Saharan Africa,Upper middle income,Botswana
CAF,Sub-Saharan Africa,Low income,Central African Republic
CAN,North America,High income,Canada
CHE,Europe & Central Asia,High income,Switzerland
CHL,Latin America & Caribbean,High income,Chile
CHN,East Asia & Pacific,Upper middle income,China
CIV,Sub-Saharan Africa,Lower middle income,Cote d'Ivoire (Ivory Coast)
CMR,Sub-Saharan Africa,Lower middle income,Cameroon
COD,Sub-Saharan Africa,Low income,Congo (Dem. Rep.)
COG,Sub-Saharan Africa,Lower middle income,Congo
COL,Latin America & Caribbean,Upper middle income,Colombia
COM,Sub-Saharan Africa,Low income,Comoros
CPV,Sub-Saharan Africa,Lower middle income,Cape Verde
CRI,Latin America & Caribbean,Upper middle income,Costa Rica
CUB,Latin America & Caribbean,Upper middle income,Cuba
CUW,Latin America & Caribbean,High income,Cura�ao
CYM,Latin America & Caribbean,High income,Cayman Islands
CYP,Europe & Central Asia,High income,Cyprus
CZE,Europe & Central Asia,High income,Czech Republic
DEU,Europe & Central Asia,High income,Germany
DJI,Middle East & North Africa,Lower middle income,Djibouti
DMA,Latin America & Caribbean,Upper middle income,Dominica
DNK,Europe & Central Asia,High income,Denmark
DOM,Latin America & Caribbean,Upper middle income,Dominican Republic
DZA,Middle East & North Africa,Upper middle income,Algeria
ECU,Latin America & Caribbean,Upper middle income,Ecuador
EGY,Middle East & North Africa,Lower middle income,Egypt
ERI,Sub-Saharan Africa,Low income,Eritrea
ESP,Europe & Central Asia,High income,Spain
EST,Europe & Central Asia,High income,Estonia
ETH,Sub-Saharan Africa,Low income,Ethiopia
FIN,Europe & Central Asia,High income,Finland
FJI,East Asia & Pacific,Upper middle income,Fiji
FRA,Europe & Central Asia,High income,France
FRO,Europe & Central Asia,High income,Faroe Islands
FSM,East Asia & Pacific,Lower middle income,Micronesia
GAB,Sub-Saharan Africa,Upper middle income,Gabon
GBR,Europe & Central Asia,High income,United Kingdom
GEO,Europe & Central Asia,Lower middle income,Georgia
GHA,Sub-Saharan Africa,Lower middle income,Ghana
GIB,Europe & Central Asia,High income,Gibraltar
GIN,Sub-Saharan Africa,Low income,Guinea
GMB,Sub-Saharan Africa,Low income,Gambia
GNB,Sub-Saharan Africa,Low income,Guinea-Bissau
GNQ,Sub-Saharan Africa,Upper middle income,Equatorial Guinea
GRC,Europe & Central Asia,High income,Greece
GRD,Latin America & Caribbean,Upper middle income,Grenada
GRL,Europe & Central Asia,High income,Greenland
GTM,Latin America & Caribbean,Upper middle income,Guatemala
GUM,East Asia & Pacific,High income,Guam
GUY,Latin America & Caribbean,Upper middle income,Guyana
HKG,East Asia & Pacific,High income,Hong Kong SAR
HND,Latin America & Caribbean,Lower middle income,Honduras
HRV,Europe & Central Asia,High income,Croatia
HTI,Latin America & Caribbean,Low income,Haiti
HUN,Europe & Central Asia,High income,Hungary
IDN,East Asia & Pacific,Lower middle income,Indonesia
IMN,Europe & Central Asia,High income,Isle of Man
IND,South Asia,Lower middle income,India
IRL,Europe & Central Asia,High income,Ireland
IRN,Middle East & North Africa,Upper middle income,Iran
IRQ,Middle East & North Africa,Upper middle income,Iraq
ISL,Europe & Central Asia,High income,Iceland
ISR,Middle East & North Africa,High income,Israel
ITA,Europe & Central Asia,High income,Italy
JAM,Latin America & Caribbean,Upper middle income,Jamaica
JOR,Middle East & North Africa,Upper middle income,Jordan
JPN,East Asia & Pacific,High income,Japan
KAZ,Europe & Central Asia,Upper middle income,Kazakhstan
KEN,Sub-Saharan Africa,Lower middle income,Kenya
KGZ,Europe & Central Asia,Lower middle income,Kyrgyzstan
KHM,East Asia & Pacific,Lower middle income,Cambodia
KIR,East Asia & Pacific,Lower middle income,Kiribati
KNA,Latin America & Caribbean,High income,St. Kitts and Nevis
KOR,East Asia & Pacific,High income,South Korea
KWT,Middle East & North Africa,High income,Kuwait
LAO,East Asia & Pacific,Lower middle income,Laos
LBN,Middle East & North Africa,Upper middle income,Lebanon
LBR,Sub-Saharan Africa,Low income,Liberia
LBY,Middle East & North Africa,Upper middle income,Libya
LCA,Latin America & Caribbean,Upper middle income,Saint Lucia
LIE,Europe & Central Asia,High income,Liechtenstein
LKA,South Asia,Lower middle income,Sri Lanka
LSO,Sub-Saharan Africa,Lower middle income,Lesotho
LUX,Europe & Central Asia,High income,Luxembourg
LVA,Europe & Central Asia,High income,Latvia
MAC,East Asia & Pacific,High income,Macao
MAF,Latin America & Caribbean,High income,St. Martin (French part)
MAR,Middle East & North Africa,Lower middle income,Morocco
MCO,Europe & Central Asia,High income,Monaco
MDA,Europe & Central Asia,Lower middle income,Moldova
MDG,Sub-Saharan Africa,Low income,Madagascar
MDV,South Asia,Upper middle income,Maldives
MEX,Latin America & Caribbean,Upper middle income,Mexico
MHL,East Asia & Pacific,Upper middle income,Marshall Islands
MKD,Europe & Central Asia,Upper middle income,Macedonia
MLI,Sub-Saharan Africa,Low income,Mali
MLT,Middle East & North Africa,High income,Malta
MMR,East Asia & Pacific,Lower middle income,Myanmar [Burma]
MNE,Europe & Central Asia,Upper middle income,Montenegro
MNG,East Asia & Pacific,Lower middle income,Mongolia
MNP,East Asia & Pacific,High income,Northern Mariana Islands
MOZ,Sub-Saharan Africa,Low income,Mozambique
MRT,Sub-Saharan Africa,Lower middle income,Mauritania
MUS,Sub-Saharan Africa,Upper middle income,Mauritius
MWI,Sub-Saharan Africa,Low income,Malawi
MYS,East Asia & Pacific,Upper middle income,Malaysia
NAM,Sub-Saharan Africa,Upper middle income,Namibia
NCL,East Asia & Pacific,High income,New Caledonia
NER,Sub-Saharan Africa,Low income,Niger
NGA,Sub-Saharan Africa,Lower middle income,Nigeria
NIC,Latin America & Caribbean,Lower middle income,Nicaragua
NLD,Europe & Central Asia,High income,Netherlands
NOR,Europe & Central Asia,High income,Norway
NPL,South Asia,Low income,Nepal
NRU,East Asia & Pacific,Upper middle income,Nauru
NZL,East Asia & Pacific,High income,New Zealand
OMN,Middle East & North Africa,High income,Oman
PAK,South Asia,Lower middle income,Pakistan
PAN,Latin America & Caribbean,High income,Panama
PER,Latin America & Caribbean,Upper middle income,Peru
PHL,East Asia & Pacific,Lower middle income,Philippines
PLW,East Asia & Pacific,High income,Palau
PNG,East Asia & Pacific,Lower middle income,Papua New Guinea
POL,Europe & Central Asia,High income,Poland
PRI,Latin America & Caribbean,High income,Puerto Rico
PRK,East Asia & Pacific,Low income,North Korea
PRT,Europe & Central Asia,High income,Portugal
PRY,Latin America & Caribbean,Upper middle income,Paraguay
PSE,Middle East & North Africa,Lower middle income,West Bank and Gaza
PYF,East Asia & Pacific,High income,French Polynesia
QAT,Middle East & North Africa,High income,Qatar
ROU,Europe & Central Asia,Upper middle income,Romania
RUS,Europe & Central Asia,Upper middle income,Russian Federation
RWA,Sub-Saharan Africa,Low income,Rwanda
SAU,Middle East & North Africa,High income,Saudi Arabia
SDN,Sub-Saharan Africa,Lower middle income,Sudan
SEN,Sub-Saharan Africa,Low income,Senegal
SGP,East Asia & Pacific,High income,Singapore
SLB,East Asia & Pacific,Lower middle income,Solomon Islands
SLE,Sub-Saharan Africa,Low income,Sierra Leone
SLV,Latin America & Caribbean,Lower middle income,El Salvador
SMR,Europe & Central Asia,High income,San Marino
SOM,Sub-Saharan Africa,Low income,Somalia
SRB,Europe & Central Asia,Upper middle income,Serbia
SSD,Sub-Saharan Africa,Low income,South Sudan
STP,Sub-Saharan Africa,Lower middle income,Sao Tome and Principe
SUR,Latin America & Caribbean,Upper middle income,Suriname
SVK,Europe & Central Asia,High income,Slovakia
SVN,Europe & Central Asia,High income,Slovenia
SWE,Europe & Central Asia,High income,Sweden
SWZ,Sub-Saharan Africa,Lower middle income,Eswatini
SXM,Latin America & Caribbean,High income,Sint Maarten (Dutch part)
SYC,Sub-Saharan Africa,High income,Seychelles
SYR,Middle East & North Africa,Low income,Syria
TCA,Latin America & Caribbean,High income,Turks and Caicos Islands
TCD,Sub-Saharan Africa,Low income,Chad
TGO,Sub-Saharan Africa,Low income,Togo
THA,East Asia & Pacific,Upper middle income,Thailand
TJK,Europe & Central Asia,Low income,Tajikistan
TKM,Europe & Central Asia,Upper middle income,Turkmenistan
TLS,East Asia & Pacific,Lower middle income,Timor-Leste
TON,East Asia & Pacific,Upper middle income,Tonga
TTO,Latin America & Caribbean,High income,Trinidad and Tobago
TUN,Middle East & North Africa,Lower middle income,Tunisia
TUR,Europe & Central Asia,Upper middle income,Turkey
TUV,East Asia & Pacific,Upper middle income,Tuvalu
TZA,Sub-Saharan Africa,Low income,Tanzania
UGA,Sub-Saharan Africa,Low income,Uganda
UKR,Europe & Central Asia,Lower middle income,Ukraine
URY,Latin America & Caribbean,High income,Uruguay
USA,North America,High income,United States of America
UZB,Europe & Central Asia,Lower middle income,Uzbekistan
VCT,Latin America & Caribbean,Upper middle income,St. Vincent and the Grenadines
VEN,Latin America & Caribbean,Upper middle income,Venezuela
VGB,Latin America & Caribbean,High income,British Virgin Islands
VIR,Latin America & Caribbean,High income,Virgin Islands (U.S.)
VNM,East Asia & Pacific,Lower middle income,Viet Nam
VUT,East Asia & Pacific,Lower middle income,Vanuatu
WSM,East Asia & Pacific,Upper middle income,Samoa
XKX,Europe & Central Asia,Lower middle income,Kosovo
YEM,Middle East & North Africa,Low income,Yemen
ZAF,Sub-Saharan Africa,Upper middle income,South Africa
ZMB,Sub-Saharan Africa,Lower middle income,Zambia
ZWE,Sub-Saharan Africa,Low income,Zimbabwe
